City_ID,City,Country,Date,Lat,Lng,Max Temp,Humidity,Cloudiness,Wind Speed
0,Kodiak,US,2022-02-10 05:29:42,57.79,-152.4072,20.71,42,40,6.91
1,Onguday,RU,2022-02-10 05:35:08,50.75,86.15,9.18,89,94,2.28
2,Chuy,UY,2022-02-10 05:31:38,-33.6971,-53.4616,63.3,85,0,6.49
3,Boddam,GB,2022-02-10 05:35:09,57.4667,-1.7833,36.39,61,48,20.09
4,Boyolangu,ID,2022-02-10 05:35:10,-8.1181,111.8935,80.6,78,99,2.28
5,Butaritari,KI,2022-02-10 05:30:16,3.0707,172.7902,82.27,77,100,15.59
6,Pipar,IN,2022-02-10 05:35:10,26.3856,73.5378,70.59,31,0,8.5
7,Rovaniemi,FI,2022-02-10 05:34:00,66.5,25.7167,26.01,93,100,11.5
8,Hobart,AU,2022-02-10 05:23:18,-42.8794,147.3294,73.11,49,75,16.11
9,Busselton,AU,2022-02-10 05:28:26,-33.65,115.3333,97.05,33,9,7.38
10,Rikitea,PF,2022-02-10 05:26:53,-23.1203,-134.9692,78.98,75,29,19.08
11,Axim,GH,2022-02-10 05:32:58,4.8699,-2.2405,76.51,91,27,5.01
12,Albany,US,2022-02-10 05:27:00,42.6001,-73.9662,40.68,68,98,2.73
13,Bezhetsk,RU,2022-02-10 05:35:12,57.7851,36.6965,26.33,96,100,10.8
14,Puerto Ayora,EC,2022-02-10 05:29:40,-0.7393,-90.3518,73.63,85,97,5.46
15,Los Llanos De Aridane,ES,2022-02-10 05:35:12,28.6585,-17.9182,70.12,41,20,8.99
16,Khatanga,RU,2022-02-10 05:28:20,71.9667,102.5,-0.02,95,86,16.31
17,Castro,BR,2022-02-10 05:26:53,-24.7911,-50.0119,58.68,96,42,7.7
18,Abalak,RU,2022-02-10 05:35:13,58.1286,68.5944,0.0,88,6,8.61
19,Ken Caryl,US,2022-02-10 05:35:14,39.5773,-105.1169,38.39,67,32,1.01
20,Port Hardy,CA,2022-02-10 05:30:19,50.6996,-127.4199,45.75,100,100,2.3
21,Abu Samrah,SY,2022-02-10 05:35:14,35.3029,37.1841,46.08,77,97,3.56
22,Aklavik,CA,2022-02-10 05:32:57,68.2191,-135.0107,-15.77,96,100,6.89
23,Manzhouli,CN,2022-02-10 05:35:15,49.6,117.4333,7.41,80,100,6.93
24,Hilo,US,2022-02-10 05:26:52,19.7297,-155.09,71.33,86,100,1.01
25,Enumclaw,US,2022-02-10 05:35:16,47.2043,-121.9915,48.56,91,30,1.43
26,Avarua,CK,2022-02-10 05:26:58,-21.2078,-159.775,78.85,83,100,2.3
27,Lagoa,PT,2022-02-10 05:28:22,39.05,-27.9833,58.23,70,1,13.87
28,Carmen,MX,2022-02-10 05:35:17,18.6333,-91.8333,69.28,76,65,8.41
29,Wana,PK,2022-02-10 05:35:17,32.2989,69.5725,47.98,32,0,4.83
30,Tura,IN,2022-02-10 05:35:18,25.5198,90.2201,72.93,42,31,4.29
31,Lavrentiya,RU,2022-02-10 05:30:28,65.5833,-171.0,-27.65,93,48,7.58
32,Lexington,US,2022-02-10 05:33:54,37.9887,-84.4777,44.74,66,40,3.44
33,Rundu,NA,2022-02-10 05:35:18,-17.9333,19.7667,71.49,78,69,5.01
34,Sao Domingos Do Maranhao,BR,2022-02-10 05:31:59,-5.5758,-44.3853,71.51,99,98,3.11
35,Jardim,BR,2022-02-10 05:35:19,-21.4803,-56.1381,66.31,53,3,3.4
36,Anloga,GH,2022-02-10 05:35:20,5.7947,0.8973,80.82,87,8,7.25
37,Saint George,US,2022-02-10 05:28:24,37.1041,-113.5841,57.79,32,0,8.05
38,Ushuaia,AR,2022-02-10 05:26:58,-54.8,-68.3,46.06,49,75,21.85
39,Atuona,PF,2022-02-10 05:27:05,-9.8,-139.0333,78.87,75,10,17.16
40,Kungurtug,RU,2022-02-10 05:35:21,50.5994,97.5228,-2.65,83,98,1.97
41,Merauke,ID,2022-02-10 05:35:21,-8.4667,140.3333,85.32,71,91,3.98
42,Dunedin,NZ,2022-02-10 05:32:03,-45.8742,170.5036,66.79,83,29,1.63
43,Naze,JP,2022-02-10 05:32:55,28.3667,129.4833,61.72,72,87,17.63
44,Sao Gabriel Da Cachoeira,BR,2022-02-10 05:35:22,-0.1303,-67.0892,69.87,98,100,1.57
45,Saldanha,ZA,2022-02-10 05:28:27,-33.0117,17.9442,60.85,94,59,9.42
46,Zharkovskiy,RU,2022-02-10 05:36:23,55.849,32.2697,33.4,91,100,11.18
47,Ambilobe,MG,2022-02-10 05:36:23,-13.2,49.05,77.63,90,100,4.97
48,Bandar-E Lengeh,IR,2022-02-10 05:36:24,26.5579,54.8807,68.11,56,0,4.61
49,Viedma,AR,2022-02-10 05:31:45,-40.8135,-62.9967,73.83,60,100,15.55
50,Miguel Alves,BR,2022-02-10 05:36:24,-4.1656,-42.8953,71.53,99,88,1.95
51,Bolshoye Nagatkino,RU,2022-02-10 05:36:25,54.5196,47.9679,20.37,96,100,10.94
52,Nabire,ID,2022-02-10 05:36:25,-3.3667,135.4833,79.25,88,94,2.35
53,Coquimbo,CL,2022-02-10 05:32:44,-29.9533,-71.3436,64.13,88,100,5.75
54,Esperance,AU,2022-02-10 05:36:26,-33.8667,121.9,93.04,49,9,16.82
55,Port Hedland,AU,2022-02-10 05:30:18,-20.3167,118.5667,93.25,62,7,18.41
56,Sulangan,PH,2022-02-10 05:36:27,11.1373,123.7228,81.01,75,31,14.07
57,Marystown,CA,2022-02-10 05:36:27,47.1666,-55.1483,34.86,100,47,11.99
58,Kaitangata,NZ,2022-02-10 05:36:27,-46.2817,169.8464,64.72,86,55,5.35
59,Punta Arenas,CL,2022-02-10 05:26:59,-53.15,-70.9167,44.71,65,40,32.21
60,Cape Town,ZA,2022-02-10 05:27:06,-33.9258,18.4232,67.87,89,75,3.44
61,Lorengau,PG,2022-02-10 05:31:37,-2.0226,147.2712,82.71,79,73,7.9
62,Kristiinankaupunki,FI,2022-02-10 05:36:28,62.2743,21.376,32.27,80,42,16.24
63,Bredasdorp,ZA,2022-02-10 05:28:20,-34.5322,20.0403,62.28,94,99,5.75
64,Lodja,CD,2022-02-10 05:36:29,-3.4833,23.4333,67.82,97,100,1.1
65,Buala,SB,2022-02-10 05:36:30,-8.145,159.5921,82.27,82,96,10.49
66,Broken Hill,AU,2022-02-10 05:36:30,-31.95,141.4333,83.91,28,9,18.41
67,Port Alfred,ZA,2022-02-10 05:28:12,-33.5906,26.891,68.49,70,0,7.83
68,Ushtobe,KZ,2022-02-10 05:36:31,45.2514,77.9838,29.25,89,100,9.15
69,Taganak,PH,2022-02-10 05:36:31,6.0833,118.3,84.34,84,67,9.71
70,Bom Jardim,BR,2022-02-10 05:36:32,-7.7958,-35.5872,73.74,73,82,4.45
71,Leningradskiy,RU,2022-02-10 05:36:32,69.3833,178.4167,-30.14,97,81,6.26
72,Chokurdakh,RU,2022-02-10 05:29:45,70.6333,147.9167,-17.21,96,100,11.79
73,Treinta Y Tres,UY,2022-02-10 05:36:33,-33.2333,-54.3833,58.68,92,0,5.84
74,Vaini,TO,2022-02-10 05:28:14,-21.2,-175.2,80.76,94,75,11.5
75,Camapua,BR,2022-02-10 05:36:33,-19.5314,-54.0439,68.09,66,87,2.35
76,Fortuna,US,2022-02-10 05:36:34,40.5982,-124.1573,55.09,100,0,10.36
77,Provideniya,RU,2022-02-10 05:32:07,64.3833,-173.3,-17.99,92,39,2.8
78,Sao Filipe,CV,2022-02-10 05:36:34,14.8961,-24.4956,76.5,57,94,6.02
79,Avera,US,2022-02-10 05:36:35,33.194,-82.5271,49.71,67,0,6.67
80,Port Lincoln,AU,2022-02-10 05:36:35,-34.7333,135.8667,69.82,56,13,14.45
81,Nouadhibou,MR,2022-02-10 05:36:36,20.931,-17.0347,67.98,42,61,6.91
82,Saint-Philippe,RE,2022-02-10 05:26:54,-21.3585,55.7679,81.99,71,33,5.48
83,Ponta Do Sol,PT,2022-02-10 05:36:36,32.6667,-17.1,67.12,33,100,3.49
84,Bambous Virieux,MU,2022-02-10 05:27:04,-20.3428,57.7575,80.85,74,40,6.91
85,Kemijarvi,FI,2022-02-10 05:36:37,66.7131,27.4306,24.84,91,99,10.8
86,Yanam,IN,2022-02-10 05:36:37,16.7333,82.2167,81.0,45,15,6.87
87,Celestun,MX,2022-02-10 05:36:38,20.8667,-90.4,67.73,75,8,9.42
88,Tuktoyaktuk,CA,2022-02-10 05:29:30,69.4541,-133.0374,-16.6,69,100,14.97
89,Popesti,RO,2022-02-10 05:36:38,47.2333,22.4167,40.59,89,1,3.74
90,Dikson,RU,2022-02-10 05:28:29,73.5069,80.5464,1.45,95,100,20.24
91,Vanimo,PG,2022-02-10 05:36:39,-2.6741,141.3028,84.09,71,41,3.69
92,Komsomolskiy,UZ,2022-02-10 05:36:39,40.4272,71.7189,39.92,65,100,0.0
93,Champerico,GT,2022-02-10 05:36:40,14.3,-91.9167,76.03,74,25,5.64
94,West Bend,US,2022-02-10 05:36:40,43.4253,-88.1834,31.05,73,100,13.0
95,Norman Wells,CA,2022-02-10 05:35:36,65.282,-126.8329,-9.36,77,100,3.44
96,Sioux Lookout,CA,2022-02-10 05:31:33,50.1001,-91.917,7.18,72,75,9.22
97,Clyde River,CA,2022-02-10 05:37:41,70.4692,-68.5914,-12.77,77,100,23.02
98,Mangaratiba,BR,2022-02-10 05:37:42,-22.9597,-44.0406,73.02,84,96,2.21
99,Taltal,CL,2022-02-10 05:37:42,-25.4,-70.4833,63.68,84,16,1.77
100,Salalah,OM,2022-02-10 05:30:22,17.0151,54.0924,75.49,21,44,5.84
101,Serrinha,BR,2022-02-10 05:37:43,-11.6642,-39.0075,69.35,96,0,3.04
102,Mopti,ML,2022-02-10 05:37:43,14.6667,-4.0,67.44,10,0,11.07
103,Bluff,NZ,2022-02-10 05:28:16,-46.6,168.3333,62.6,84,44,13.33
104,Labuhan,ID,2022-02-10 05:30:26,-6.8844,112.2051,84.72,70,100,6.49
105,Arawa,PG,2022-02-10 05:37:44,-6.2132,155.5367,81.55,87,79,4.0
106,Hithadhoo,MV,2022-02-10 05:31:18,-0.6,73.0833,82.08,73,52,11.56
107,Kindu,CD,2022-02-10 05:37:45,-2.95,25.95,70.07,96,100,2.73
108,Mwinilunga,ZM,2022-02-10 05:34:17,-11.7358,24.4293,63.12,97,100,1.95
109,Jamestown,US,2022-02-10 05:37:45,42.097,-79.2353,42.12,42,100,12.66
110,Spoleto,IT,2022-02-10 05:37:46,42.7448,12.7374,41.81,71,4,3.29
111,Qasigiannguit,GL,2022-02-10 05:37:46,68.8193,-51.1922,-14.75,93,94,8.1
112,Poum,NC,2022-02-10 05:37:47,-20.2333,164.0167,80.73,88,98,31.61
113,Katsuura,JP,2022-02-10 05:37:47,35.1333,140.3,38.1,89,100,16.4
114,Yellowknife,CA,2022-02-10 05:29:45,62.456,-114.3525,-5.58,87,100,17.27
115,Krasnoselkup,RU,2022-02-10 05:37:48,65.7,82.4667,-6.0,85,16,9.48
116,Eyl,SO,2022-02-10 05:37:48,7.9803,49.8164,77.7,56,35,20.0
117,Iqaluit,CA,2022-02-10 05:28:11,63.7506,-68.5145,-25.31,74,20,3.44
118,Geraldton,AU,2022-02-10 05:37:49,-28.7667,114.6,91.81,29,0,14.97
119,Anchorage,US,2022-02-10 05:37:33,61.2181,-149.9003,14.34,65,40,15.99
120,Namatanai,PG,2022-02-10 05:28:17,-3.6667,152.4333,83.34,75,70,6.35
121,Kapaa,US,2022-02-10 05:28:11,22.0752,-159.319,73.72,78,75,0.0
122,Hermanus,ZA,2022-02-10 05:37:50,-34.4187,19.2345,64.9,82,98,5.79
123,Puerto Madero,MX,2022-02-10 05:37:51,14.7208,-92.4215,71.8,100,20,2.3
124,Arraial Do Cabo,BR,2022-02-10 05:26:53,-22.9661,-42.0278,70.07,91,97,6.4
125,Moerai,PF,2022-02-10 05:37:51,-22.4333,-151.3333,79.74,80,100,10.31
126,Kidal,ML,2022-02-10 05:37:52,18.4411,1.4078,63.07,10,0,9.69
127,Saskylakh,RU,2022-02-10 05:37:52,71.9167,114.0833,-0.99,94,100,13.94
128,Winnemucca,US,2022-02-10 05:30:25,40.973,-117.7357,44.65,61,0,10.36
129,Jibuti,DJ,2022-02-10 05:37:53,11.5,42.5,72.82,58,81,20.38
130,Kenora,CA,2022-02-10 05:37:54,49.8167,-94.4337,9.79,78,100,5.75
131,Sorland,NO,2022-02-10 05:37:54,67.667,12.6934,32.07,74,90,39.97
132,Ustye,RU,2022-02-10 05:37:54,59.6304,39.736,20.91,94,97,8.25
133,Alibag,IN,2022-02-10 05:37:55,18.6411,72.8792,80.58,43,31,7.47
134,Seoul,KR,2022-02-10 05:37:16,37.5683,126.9778,45.91,33,0,9.22
135,Henties Bay,NA,2022-02-10 05:28:24,-22.116,14.2845,68.86,91,4,3.33
136,Sola,VU,2022-02-10 05:38:56,-13.8833,167.55,82.15,78,100,23.64
137,Guanica,PR,2022-02-10 05:38:58,17.9716,-66.908,76.01,75,0,4.0
138,Rosario,AR,2022-02-10 05:28:12,-32.9468,-60.6393,67.82,70,0,5.75
139,Mitsamiouli,KM,2022-02-10 05:38:58,-11.3847,43.2844,84.49,74,40,10.36
140,Tulun,RU,2022-02-10 05:38:59,54.5611,100.5792,-4.54,87,100,4.85
141,Lata,PT,2022-02-10 05:31:33,40.1629,-8.3327,48.61,68,80,3.36
142,Ixtapa,MX,2022-02-10 05:38:06,20.7,-105.2,66.22,88,0,0.0
143,Idlib,SY,2022-02-10 05:39:00,35.9306,36.6339,38.59,84,88,7.11
144,Upernavik,GL,2022-02-10 05:39:00,72.7868,-56.1549,-16.67,82,100,8.93
145,Aleppo,SY,2022-02-10 05:36:56,36.25,37.5,45.0,85,77,5.41
146,Sao Felix Do Xingu,BR,2022-02-10 05:39:01,-6.6447,-51.995,70.54,99,100,0.96
147,Qaanaaq,GL,2022-02-10 05:39:01,77.484,-69.3632,-22.97,61,92,6.8
148,Hasaki,JP,2022-02-10 05:39:02,35.7333,140.8333,43.2,88,100,19.71
149,Zambezi,ZM,2022-02-10 05:39:02,-13.5432,23.1047,66.79,95,100,5.84
150,Cherskiy,RU,2022-02-10 05:39:03,68.75,161.3,-42.66,100,90,4.83
151,Narsaq,GL,2022-02-10 05:39:03,60.9167,-46.05,16.02,69,72,8.88
152,Qiryat Shemona,IL,2022-02-10 05:39:04,33.2073,35.5721,55.76,89,96,10.27
153,Yar-Sale,RU,2022-02-10 05:30:26,66.8333,70.8333,2.44,95,63,13.89
154,Taoudenni,ML,2022-02-10 05:39:04,22.6783,-3.9836,59.4,27,0,12.37
155,Souillac,MU,2022-02-10 05:39:05,-20.5167,57.5167,80.98,74,40,6.91
156,Touros,BR,2022-02-10 05:30:46,-5.1989,-35.4608,76.1,73,58,6.71
157,Carnarvon,AU,2022-02-10 05:33:00,-24.8667,113.6333,86.07,58,0,17.27
158,Flinders,AU,2022-02-10 05:39:06,-34.5833,150.8552,85.28,63,59,8.52
159,Pelym,RU,2022-02-10 05:39:06,61.0108,61.9978,16.02,91,100,11.92
160,Nanortalik,GL,2022-02-10 05:30:39,60.1432,-45.2371,19.92,67,67,7.58
161,Digby,CA,2022-02-10 05:39:07,44.6169,-65.7655,36.91,89,68,7.2
162,Tiksi,RU,2022-02-10 05:39:08,71.6872,128.8694,-11.56,92,100,14.12
163,Waingapu,ID,2022-02-10 05:39:08,-9.6567,120.2641,81.48,82,100,6.82
164,Airai,TL,2022-02-10 05:30:23,-8.9266,125.4092,66.58,91,92,1.86
165,Lasa,IT,2022-02-10 05:39:09,46.6166,10.7002,47.66,36,38,3.06
166,Mpika,ZM,2022-02-10 05:39:09,-11.8343,31.4529,62.87,90,100,2.44
167,Palu,ID,2022-02-10 05:39:10,-0.8917,119.8707,86.83,67,98,4.68
168,Pandan,PH,2022-02-10 05:39:10,14.0453,124.1694,80.98,65,96,12.75
169,Cape Coast,GH,2022-02-10 05:39:10,5.1053,-1.2466,77.47,89,14,5.01
170,Kruisfontein,ZA,2022-02-10 05:39:11,-34.0033,24.7314,72.16,57,0,7.99
171,Pereira Barreto,BR,2022-02-10 05:39:11,-20.6383,-51.1092,69.85,80,96,8.14
172,Comodoro Rivadavia,AR,2022-02-10 05:39:12,-45.8667,-67.5,60.66,27,0,21.85
173,Zunyi,CN,2022-02-10 05:39:12,27.6867,106.9072,37.22,91,100,3.58
174,Bethel,US,2022-02-10 05:34:37,41.3712,-73.414,35.94,86,0,3.44
175,Tomatlan,MX,2022-02-10 05:39:13,19.9333,-105.25,60.33,60,0,2.48
176,Urusha,RU,2022-02-10 05:39:13,54.05,122.9,8.76,61,90,2.39
177,Olavarria,AR,2022-02-10 05:39:14,-36.8927,-60.3225,64.02,82,3,11.27
178,Mataura,NZ,2022-02-10 05:39:15,-46.1927,168.8643,74.19,55,18,5.48
179,Fairbanks,US,2022-02-10 05:28:56,64.8378,-147.7164,-2.24,76,100,8.05
180,Bengkulu,ID,2022-02-10 05:31:42,-3.8004,102.2655,82.13,58,100,3.06
181,Srednekolymsk,RU,2022-02-10 05:34:11,67.45,153.6833,-35.5,98,56,6.76
182,Jacareacanga,BR,2022-02-10 05:40:16,-6.2222,-57.7528,71.15,98,100,0.34
183,Faanui,PF,2022-02-10 05:40:16,-16.4833,-151.75,80.78,77,85,14.07
184,The Pas,CA,2022-02-10 05:40:17,53.8251,-101.2541,8.62,85,100,13.8
185,Vila Velha,BR,2022-02-10 05:40:17,-20.3297,-40.2925,73.94,89,75,3.44
186,Bay Roberts,CA,2022-02-10 05:40:17,47.5999,-53.2648,36.34,79,65,10.0
187,At-Bashi,KG,2022-02-10 05:40:18,41.1702,75.8106,12.43,82,98,1.48
188,Ahipara,NZ,2022-02-10 05:33:00,-35.1667,173.1667,76.15,78,98,9.31
189,Port Elizabeth,ZA,2022-02-10 05:30:19,-33.918,25.5701,68.29,77,0,5.75
190,Macusani,PE,2022-02-10 05:40:19,-14.0833,-70.4333,37.72,85,99,3.87
191,Husavik,IS,2022-02-10 05:40:19,66.0449,-17.3389,1.31,91,82,16.11
192,Constitucion,CL,2022-02-10 05:40:20,-35.3333,-72.4167,57.45,86,23,7.23
193,Mutoko,ZW,2022-02-10 05:40:20,-17.397,32.2268,69.51,80,34,1.72
194,Athens,GR,2022-02-10 05:35:24,37.9795,23.7162,46.38,76,20,4.0
195,Mae Hong Son,TH,2022-02-10 05:40:21,19.3003,97.9685,78.94,38,0,1.14
196,Luderitz,NA,2022-02-10 05:32:52,-26.6481,15.1594,74.64,50,75,16.46
197,Namibe,AO,2022-02-10 05:40:22,-15.1961,12.1522,72.57,82,100,1.21
198,Lujiang,CN,2022-02-10 05:40:22,31.2581,117.2817,42.85,62,60,5.79
199,Torbay,CA,2022-02-10 05:40:23,47.6666,-52.7314,35.58,88,51,8.01
200,Balrampur,IN,2022-02-10 05:40:23,27.4333,82.1833,68.31,54,0,7.02
201,Hofn,IS,2022-02-10 05:40:24,64.2539,-15.2082,19.6,61,79,9.08
202,Georgetown,MY,2022-02-10 05:37:25,5.4112,100.3354,85.95,76,20,5.01
203,Barrow,US,2022-02-10 05:31:36,71.2906,-156.7887,-18.38,69,100,5.75
204,Kavieng,PG,2022-02-10 05:30:54,-2.5744,150.7967,82.2,77,37,8.41
205,Grand Gaube,MU,2022-02-10 05:34:05,-20.0064,57.6608,81.0,69,58,3.74
206,Pevek,RU,2022-02-10 05:40:25,69.7008,170.3133,-31.23,99,99,3.74
207,Mar Del Plata,AR,2022-02-10 05:40:25,-38.0023,-57.5575,66.87,86,0,18.01
208,Thompson,CA,2022-02-10 05:40:26,55.7435,-97.8558,-2.04,65,100,3.44
209,Saint-Pierre,RE,2022-02-10 05:34:10,-21.3393,55.4781,82.08,65,0,8.05
210,Bandarbeyla,SO,2022-02-10 05:40:27,9.4942,50.8122,76.91,56,94,20.45
211,Howard Springs,AU,2022-02-10 05:40:27,-12.497,131.047,93.97,67,80,7.87
212,Pangnirtung,CA,2022-02-10 05:40:28,66.1451,-65.7125,-22.56,90,94,6.93
213,Olafsvik,IS,2022-02-10 05:31:12,64.8945,-23.7142,33.08,60,68,20.13
214,Kahului,US,2022-02-10 05:39:40,20.8947,-156.47,74.84,76,20,9.22
215,Trelew,AR,2022-02-10 05:40:28,-43.249,-65.3051,65.01,69,100,5.21
216,Xichang,CN,2022-02-10 05:40:29,27.8964,102.2634,61.38,32,4,7.56
217,Nikolskoye,RU,2022-02-10 05:40:29,59.7035,30.7861,33.87,87,95,10.27
218,Buin,CL,2022-02-10 05:40:30,-33.7333,-70.75,71.87,86,1,2.04
219,Uige,AO,2022-02-10 05:40:30,-7.6087,15.0613,64.99,91,46,1.74
220,Lincoln,US,2022-02-10 05:38:28,40.8,-96.667,38.28,56,0,4.61
221,Muros,ES,2022-02-10 05:40:31,42.7762,-9.0603,51.98,95,37,6.15
222,Guadalupe Y Calvo,MX,2022-02-10 05:40:31,26.1,-106.9667,34.9,51,87,4.14
223,Edeia,BR,2022-02-10 05:40:32,-17.3383,-49.9314,67.84,94,98,3.15
224,Dale,US,2022-02-10 05:40:32,38.1689,-86.99,39.9,75,75,3.44
225,Sitka,US,2022-02-10 05:40:33,57.0531,-135.33,39.09,81,100,10.36
226,Alice Springs,AU,2022-02-10 05:39:09,-23.7,133.8833,90.95,27,23,10.36
227,Olga,RU,2022-02-10 05:40:33,43.7444,135.2892,31.28,53,46,3.29
228,Denpasar,ID,2022-02-10 05:32:46,-8.65,115.2167,82.06,83,40,9.22
229,Deputatskiy,RU,2022-02-10 05:40:34,69.3,139.9,-25.58,85,79,6.31
230,Gobabis,NA,2022-02-10 05:41:34,-22.45,18.9667,72.21,55,63,9.86
231,Baoding,CN,2022-02-10 05:41:34,38.8511,115.4903,49.37,23,33,7.49
232,Ogori,JP,2022-02-10 05:41:35,34.1,131.4,53.26,67,75,1.14
233,Lebu,CL,2022-02-10 05:41:35,-37.6167,-73.65,58.24,87,46,23.24
234,Tasiilaq,GL,2022-02-10 05:41:36,65.6145,-37.6368,15.96,58,100,7.78
235,Hudson Bay,CA,2022-02-10 05:41:36,52.85,-102.3842,27.86,97,100,5.39
236,Nouna,BF,2022-02-10 05:41:37,12.7333,-3.8667,69.22,15,0,7.58
237,San Policarpo,PH,2022-02-10 05:41:38,12.1791,125.5072,81.79,69,89,15.97
238,Hay River,CA,2022-02-10 05:41:38,60.8156,-115.7999,-0.42,78,40,9.22
239,Nanakuli,US,2022-02-10 05:41:38,21.3906,-158.1547,75.15,78,100,0.0
240,Hamilton,US,2022-02-10 05:38:16,39.1834,-84.5333,41.23,76,100,6.91
241,Dubbo,AU,2022-02-10 05:41:39,-32.25,148.6167,93.33,20,40,4.61
242,Risaralda,CO,2022-02-10 05:41:39,5.1665,-75.766,60.75,99,98,0.87
243,Joshimath,IN,2022-02-10 05:41:40,30.5667,79.5667,48.63,41,0,6.46
244,Asosa,ET,2022-02-10 05:41:40,10.0667,34.5333,71.98,26,35,5.88
245,Pandharpur,IN,2022-02-10 05:41:41,17.6667,75.3333,81.48,35,33,10.02
246,Zatoka,UA,2022-02-10 05:41:41,46.0725,30.4654,32.54,83,54,7.85
247,Channel-Port Aux Basques,CA,2022-02-10 05:41:42,47.5702,-59.1367,29.37,90,30,11.45
248,New Norfolk,AU,2022-02-10 05:41:42,-42.7826,147.0587,73.76,38,7,3.0
249,Longyearbyen,SJ,2022-02-10 05:41:43,78.2186,15.6401,15.64,86,75,2.3
250,Szamotuly,PL,2022-02-10 05:41:43,52.612,16.5779,44.87,93,100,7.94
251,Batemans Bay,AU,2022-02-10 05:41:44,-35.7167,150.1833,85.98,82,68,10.31
252,Svetlyy,RU,2022-02-10 05:41:44,54.675,20.1347,39.25,84,86,16.22
253,Shelburne,CA,2022-02-10 05:41:45,44.0787,-80.2041,34.27,92,100,12.62
254,Meulaboh,ID,2022-02-10 05:41:45,4.1363,96.1285,81.97,68,100,3.44
255,Kuching,MY,2022-02-10 05:37:05,1.55,110.3333,88.02,66,75,3.44
256,Abu Dhabi,AE,2022-02-10 05:41:46,24.4667,54.3667,66.96,85,0,1.01
257,Vyksa,RU,2022-02-10 05:41:46,55.3175,42.1744,21.24,97,98,4.94
258,Bambanglipuro,ID,2022-02-10 05:41:47,-7.95,110.2833,85.68,65,99,10.92
259,Raudeberg,NO,2022-02-10 05:41:47,61.9875,5.1352,34.47,95,100,1.99
260,Coxim,BR,2022-02-10 05:41:23,-18.5067,-54.76,70.05,75,87,1.83
261,Ribeira Grande,PT,2022-02-10 05:41:48,38.5167,-28.7,58.62,66,1,5.73
262,Hami,CN,2022-02-10 05:41:48,42.8,93.45,32.68,34,100,5.95
263,Lagos,NG,2022-02-10 05:41:49,6.5833,3.75,79.12,95,2,2.64
264,Mujiayingzi,CN,2022-02-10 05:41:49,42.1167,118.7833,36.1,29,31,14.2
265,Marathon,US,2022-02-10 05:41:49,44.9,-89.7668,25.84,73,100,10.36
266,Port Blair,IN,2022-02-10 05:41:50,11.6667,92.75,86.04,66,40,11.5
267,Road Town,VG,2022-02-10 05:41:19,18.4167,-64.6167,73.49,64,1,20.69
268,Talnakh,RU,2022-02-10 05:41:51,69.4865,88.3972,-5.8,98,100,10.76
269,Madingou,CG,2022-02-10 05:41:51,-4.1536,13.55,71.78,96,38,1.7
270,Vostok,RU,2022-02-10 05:41:52,46.4856,135.8833,21.2,80,49,3.6
271,Palora,EC,2022-02-10 05:41:52,-1.7,-77.9333,63.81,96,99,2.1
272,Alamosa,US,2022-02-10 05:39:51,37.4695,-105.87,33.31,79,0,3.44
273,Tessalit,ML,2022-02-10 05:41:52,20.1986,1.0114,59.65,12,0,8.75
274,Vondrozo,MG,2022-02-10 05:41:53,-22.8167,47.2833,74.77,87,84,2.59
275,Larap,PH,2022-02-10 05:41:53,14.299,122.6504,81.48,70,67,12.62
276,Praia,CV,2022-02-10 05:42:54,14.9215,-23.5087,75.74,25,0,8.05
277,Zhigansk,RU,2022-02-10 05:42:54,66.7697,123.3711,-29.34,96,94,9.53
278,Mildura,AU,2022-02-10 05:42:55,-34.2,142.15,82.36,24,50,9.22
279,Camocim,BR,2022-02-10 05:39:24,-2.9022,-40.8411,75.51,86,64,5.3
280,Nexo,DK,2022-02-10 05:42:55,55.0607,15.1306,39.29,93,100,18.7
281,Bantou,CN,2022-02-10 05:42:56,26.2151,117.4893,56.84,81,98,3.0
282,Nuuk,GL,2022-02-10 05:42:56,64.1835,-51.7216,18.21,93,100,9.22
283,Lompoc,US,2022-02-10 05:42:57,34.6391,-120.4579,64.56,56,0,6.91
284,Jinchang,CN,2022-02-10 05:42:57,38.4953,102.1739,29.43,44,97,4.76
285,Hervey Bay,AU,2022-02-10 05:37:59,-25.2986,152.8535,86.04,56,0,5.99
286,Aden,YE,2022-02-10 05:42:58,12.7794,45.0367,76.51,64,15,18.57
287,Mazatlan,MX,2022-02-10 05:41:00,23.2167,-106.4167,64.9,86,0,0.0
288,Damienesti,RO,2022-02-10 05:42:58,46.7333,26.9833,39.56,74,57,4.56
289,North Bend,US,2022-02-10 05:42:59,43.4065,-124.2243,51.08,99,20,4.61
290,Koslan,RU,2022-02-10 05:42:59,63.4564,48.8989,21.27,94,100,10.31
291,Haines Junction,CA,2022-02-10 05:43:00,60.7522,-137.5108,37.35,60,56,5.75
292,Luwuk,ID,2022-02-10 05:43:01,-0.9516,122.7875,86.22,73,91,0.83
293,Beringovskiy,RU,2022-02-10 05:43:01,63.05,179.3167,-23.28,90,3,7.87
294,San Juan De Uraba,CO,2022-02-10 05:43:01,8.7592,-76.5297,78.31,88,100,9.06
295,Yuxia,CN,2022-02-10 05:43:02,34.0615,108.6291,43.41,47,40,5.68
296,Petrolina De Goias,BR,2022-02-10 05:43:02,-16.095,-49.3381,69.96,98,100,1.57
297,Coihaique,CL,2022-02-10 05:43:03,-45.5752,-72.0662,49.95,57,15,6.91
298,Edson,CA,2022-02-10 05:43:03,53.5835,-116.4356,44.74,65,100,5.75
299,Cidreira,BR,2022-02-10 05:43:03,-30.1811,-50.2056,71.49,72,52,12.28
300,Caravelas,BR,2022-02-10 05:43:04,-17.7125,-39.2481,74.28,91,18,3.44
301,Midland,US,2022-02-10 05:43:04,31.9974,-102.0779,48.49,28,0,6.91
302,Yerbogachen,RU,2022-02-10 05:43:05,61.2767,108.0108,-9.15,91,93,6.29
303,Jhalida,IN,2022-02-10 05:43:05,23.3667,85.9667,70.34,53,97,1.16
304,Karpathos,GR,2022-02-10 05:43:06,35.507,27.2132,49.96,57,40,27.63
305,East London,ZA,2022-02-10 05:43:06,-33.0153,27.9116,67.14,88,0,2.3
306,Mgandu,TZ,2022-02-10 05:43:07,-5.95,34.1333,63.48,91,100,1.99
307,Erzin,TR,2022-02-10 05:43:08,36.9559,36.2,41.72,79,78,2.53
308,Karaton,ID,2022-02-10 05:43:08,-6.3424,106.1045,84.36,67,100,8.95
309,Biak,ID,2022-02-10 05:43:09,-0.9131,122.8766,80.78,78,100,1.97
310,Jalu,LY,2022-02-10 05:43:09,29.0331,21.5482,47.1,63,3,8.1
311,Tena,EC,2022-02-10 05:43:09,-0.9833,-77.8167,67.84,96,94,2.66
312,Zaraza,VE,2022-02-10 05:43:10,9.3503,-65.3245,73.99,81,97,8.05
313,Lekoni,GA,2022-02-10 05:43:11,-1.5843,14.2591,76.23,75,100,5.59
314,Saint-Louis,SN,2022-02-10 05:43:11,16.3333,-15.0,70.47,9,53,11.34
315,Staszow,PL,2022-02-10 05:43:11,50.5631,21.1659,42.71,90,100,9.06
316,Marsh Harbour,BS,2022-02-10 05:43:12,26.5412,-77.0636,72.5,74,89,10.02
317,Cabedelo,BR,2022-02-10 05:43:12,-6.9811,-34.8339,75.87,72,65,6.87
318,Benavente,ES,2022-02-10 05:43:13,42.0025,-5.6783,40.98,80,30,1.7
319,Sisimiut,GL,2022-02-10 05:43:13,66.9395,-53.6735,-9.24,98,100,4.63
320,Quatre Cocos,MU,2022-02-10 05:43:13,-20.2078,57.7625,80.71,65,42,6.69
321,Pitimbu,BR,2022-02-10 05:43:14,-7.4706,-34.8086,75.79,71,81,6.73
322,Baghdad,IQ,2022-02-10 05:39:00,33.3406,44.4009,58.91,44,100,23.02
323,Sooke,CA,2022-02-10 05:38:33,48.3746,-123.7276,47.07,98,99,4.61
324,Petropavlovsk-Kamchatskiy,RU,2022-02-10 05:44:15,53.0452,158.6483,23.59,68,75,4.47
325,Antropovo,RU,2022-02-10 05:44:15,58.3988,43.0066,20.64,97,98,6.24
326,Monticello,US,2022-02-10 05:44:16,45.3055,-93.7941,21.96,76,100,13.8
327,Alpinopolis,BR,2022-02-10 05:44:16,-20.8636,-46.3881,62.15,94,98,3.87
328,Kibara,TZ,2022-02-10 05:44:16,-2.15,33.45,69.84,63,99,4.43
329,Tiarei,PF,2022-02-10 05:44:17,-17.5333,-149.3333,82.42,75,43,15.59
330,Gazanjyk,TM,2022-02-10 05:44:18,39.2446,55.5154,58.21,29,14,2.37
331,Mercedes,AR,2022-02-10 05:44:18,-34.6515,-59.4307,67.84,76,0,8.14
332,Nipawin,CA,2022-02-10 05:44:18,53.3668,-104.0009,28.44,100,100,9.22
333,Berlevag,NO,2022-02-10 05:44:19,70.8578,29.0864,21.2,81,57,19.8
334,Harrison,US,2022-02-10 05:44:19,30.4091,-89.0436,50.05,76,0,3.44
335,Pisco,PE,2022-02-10 05:44:20,-13.7,-76.2167,72.01,73,75,5.75
336,Saposoa,PE,2022-02-10 05:44:20,-6.934,-76.7716,70.11,99,100,0.67
337,Japura,ID,2022-02-10 05:44:21,-0.3167,102.35,75.49,89,100,4.68
338,Ferkessedougou,CI,2022-02-10 05:44:21,9.6,-5.2,69.93,20,0,5.06
339,Svetlogorsk,BY,2022-02-10 05:44:21,52.6333,29.7333,36.43,92,99,12.12
340,Sistranda,NO,2022-02-10 05:41:09,63.7256,8.834,37.9,64,100,31.34
341,Ekhabi,RU,2022-02-10 05:44:22,53.5102,142.9671,20.48,95,100,9.42
342,Alta Floresta,BR,2022-02-10 05:44:22,-9.8756,-56.0861,69.94,98,100,0.87
343,Butwal,NP,2022-02-10 05:44:23,27.7006,83.4484,70.77,46,1,4.61
344,Cortez,US,2022-02-10 05:44:23,37.3489,-108.5859,35.71,54,0,0.0
345,Dire Dawa,ET,2022-02-10 05:44:24,9.5931,41.8661,72.05,38,40,5.08
346,Pedernales,DO,2022-02-10 05:44:24,18.0384,-71.744,76.08,75,14,4.65
347,Lagunas,PE,2022-02-10 05:44:25,-5.2269,-75.6753,70.92,99,99,0.63
348,Warrington,GB,2022-02-10 05:44:25,53.3925,-2.5802,41.45,79,20,13.8
349,Ampanihy,MG,2022-02-10 05:44:26,-24.7,44.75,80.69,64,77,7.18
350,Lebork,PL,2022-02-10 05:44:26,54.5392,17.7501,40.55,92,98,11.03
351,Morristown,US,2022-02-10 05:43:42,36.214,-83.2949,44.51,49,100,5.75
352,Borgo San Lorenzo,IT,2022-02-10 05:44:26,43.9553,11.3835,47.75,88,80,4.9
353,Sterlitamak,RU,2022-02-10 05:42:28,53.6246,55.9502,17.37,83,100,7.94
354,Uarini,BR,2022-02-10 05:44:27,-2.99,-65.1083,72.28,98,99,0.56
355,Victoria,HK,2022-02-10 05:44:27,22.2855,114.1577,71.19,86,95,4.0
356,Cabo San Lucas,MX,2022-02-10 05:44:28,22.8909,-109.9124,68.5,76,76,4.0
357,Balkhash,KZ,2022-02-10 05:44:28,46.844,74.9804,7.41,85,40,6.71
358,Pacific Grove,US,2022-02-10 05:44:29,36.6177,-121.9166,62.49,51,0,5.01
359,Ternate,ID,2022-02-10 05:44:29,0.8,127.4,84.97,67,68,5.44
360,Kavaratti,IN,2022-02-10 05:44:30,10.5669,72.642,80.37,69,96,15.61
361,Atambua,ID,2022-02-10 05:44:30,-9.1061,124.8925,80.01,81,96,4.83
362,Verkhoyansk,RU,2022-02-10 05:44:30,67.5447,133.385,-32.35,100,90,1.14
363,Tezu,IN,2022-02-10 05:44:31,27.9167,96.1667,66.42,59,98,3.65
364,Grindavik,IS,2022-02-10 05:44:31,63.8424,-22.4338,23.47,74,40,9.22
365,Vanderhoof,CA,2022-02-10 05:44:32,54.0166,-124.0198,44.89,76,46,13.13
366,Xinzhou,CN,2022-02-10 05:44:32,38.4092,112.7333,38.28,30,64,2.64
367,Labrea,BR,2022-02-10 05:44:32,-7.2586,-64.7981,71.22,97,91,2.1
368,Akcakoca,TR,2022-02-10 05:44:33,41.0866,31.1162,39.78,90,98,2.46
369,Beidao,CN,2022-02-10 05:45:33,34.5686,105.8933,33.96,71,95,4.76
370,Voh,NC,2022-02-10 05:45:34,-20.9667,164.7,79.56,94,100,13.65
371,Locri,IT,2022-02-10 05:45:35,38.2414,16.2623,53.82,82,0,9.51
372,Henderson,US,2022-02-10 05:44:24,36.0397,-114.9819,64.42,23,0,6.91
373,Mahebourg,MU,2022-02-10 05:45:36,-20.4081,57.7,80.89,74,40,6.91
374,Matinha,BR,2022-02-10 05:45:36,-3.1006,-45.0336,72.05,99,94,2.71
375,Sinnamary,GF,2022-02-10 05:45:37,5.3833,-52.95,75.4,87,66,6.02
376,Cukai,MY,2022-02-10 05:45:37,4.25,103.4167,80.74,95,100,3.53
377,Rawson,AR,2022-02-10 05:45:37,-43.3002,-65.1023,64.94,74,100,5.12
378,Vardo,NO,2022-02-10 05:45:38,70.3705,31.1107,28.6,81,100,21.65
379,Valparaiso,CL,2022-02-10 05:40:47,-33.0393,-71.6273,65.48,79,100,5.75
380,Haimen,CN,2022-02-10 05:45:38,23.1935,116.6142,64.29,79,97,14.2
381,Ancud,CL,2022-02-10 05:45:39,-41.8697,-73.8203,49.23,77,85,6.6
382,Pavlovsk,RU,2022-02-10 05:45:40,50.4578,40.1081,31.3,85,99,12.91
383,Son La,VN,2022-02-10 05:45:40,21.3167,103.9,80.31,39,64,2.24
384,Policoro,IT,2022-02-10 05:45:41,40.2115,16.6726,49.57,56,0,3.8
385,Oranjemund,NA,2022-02-10 05:45:41,-28.55,16.4333,65.3,83,5,9.37
386,Daoukro,CI,2022-02-10 05:45:41,7.0591,-3.9631,66.38,80,0,1.88
387,Male,MV,2022-02-10 05:44:40,4.1748,73.5089,82.35,78,40,6.91
388,San Juan,AR,2022-02-10 05:45:42,-31.5375,-68.5364,81.14,34,89,11.7
389,Oeiras Do Para,BR,2022-02-10 05:45:43,-2.0031,-49.8544,72.64,99,73,2.59
390,Severo-Kurilsk,RU,2022-02-10 05:45:43,50.6789,156.125,30.42,75,100,15.03
391,Bandrele,YT,2022-02-10 05:45:44,-12.9067,45.1914,76.75,94,75,0.0
392,Geneva,US,2022-02-10 05:45:45,41.8875,-88.3054,35.46,79,100,18.41
393,Bonavista,CA,2022-02-10 05:45:45,48.6499,-53.1147,36.12,86,95,24.7
394,Dabakala,CI,2022-02-10 05:45:45,8.3667,-4.4333,70.77,21,0,1.92
395,Pagudpud,PH,2022-02-10 05:45:46,18.5616,120.7868,85.96,67,15,17.92
396,Tual,ID,2022-02-10 05:45:47,-5.6667,132.75,81.7,77,98,8.3
397,Sale,MA,2022-02-10 05:45:47,34.0389,-6.8166,52.75,100,40,4.61
398,Dingle,PH,2022-02-10 05:45:47,10.9995,122.6711,83.82,62,47,16.33
399,Hunfeld,DE,2022-02-10 05:45:48,50.6797,9.7673,40.12,91,53,7.85
400,Tazovskiy,RU,2022-02-10 05:45:48,67.4667,78.7,-3.17,86,39,12.1
401,Ugoofaaru,MV,2022-02-10 05:45:49,5.6667,73.0,81.36,71,29,8.46
402,Morvi,IN,2022-02-10 05:45:49,22.8167,70.8333,74.41,28,3,14.03
403,Cruzeiro Do Sul,BR,2022-02-10 05:45:49,-29.5128,-51.9853,66.52,90,0,1.28
404,Penzance,GB,2022-02-10 05:45:50,50.1186,-5.5371,45.61,79,100,14.18
405,Phuket,TH,2022-02-10 05:45:50,8.0,98.25,88.09,62,20,12.66
406,Grand Forks,US,2022-02-10 05:45:51,47.9417,-97.4337,11.88,88,100,4.61
407,Gravdal,NO,2022-02-10 05:45:51,68.1214,13.5031,31.89,100,100,16.11
408,Prosvet,RU,2022-02-10 05:45:51,55.5703,65.0825,6.93,93,85,7.47
409,Kashi,CN,2022-02-10 05:45:52,39.4547,75.9797,39.22,35,20,2.24
410,Malartic,CA,2022-02-10 05:45:52,48.1335,-78.1328,31.82,96,100,8.1
411,Te Anau,NZ,2022-02-10 05:45:53,-45.4167,167.7167,68.27,63,4,7.58
412,Honiara,SB,2022-02-10 05:45:53,-9.4333,159.95,82.71,82,55,9.24
413,Sapa,PH,2022-02-10 05:45:54,5.1544,120.3241,82.76,73,98,6.26
414,Gambela,ET,2022-02-10 05:45:54,8.25,34.5833,87.24,28,32,3.06
415,Yangambi,CD,2022-02-10 05:45:55,0.8102,24.4336,76.05,73,55,4.21
416,Nome,US,2022-02-10 05:45:55,64.5011,-165.4064,-16.53,69,0,6.91
417,Katherine,AU,2022-02-10 05:46:55,-14.4667,132.2667,95.32,43,0,12.66
418,Buraydah,SA,2022-02-10 05:46:56,26.326,43.975,57.65,25,14,14.09
419,Esil,KZ,2022-02-10 05:46:57,51.9556,66.4042,8.62,90,81,9.8
420,Ambalavao,MG,2022-02-10 05:46:57,-21.8333,46.9333,72.21,79,98,2.93
421,Doka,SD,2022-02-10 05:46:57,13.5167,35.7667,78.69,25,3,13.31
422,Huarmey,PE,2022-02-10 05:46:58,-10.0681,-78.1522,70.77,83,100,5.08
423,Havre-Saint-Pierre,CA,2022-02-10 05:46:59,50.2334,-63.5986,30.2,93,100,6.91
424,Risch,CH,2022-02-10 05:46:59,47.1405,8.441,38.71,87,92,2.3
425,Gigmoto,PH,2022-02-10 05:47:00,13.7796,124.39,80.74,69,100,13.11
426,Batagay,RU,2022-02-10 05:47:00,67.6333,134.6333,-30.84,98,75,2.62
427,Bilsi,IN,2022-02-10 05:47:01,28.1333,78.9167,64.13,61,0,8.5
428,Srikakulam,IN,2022-02-10 05:47:01,18.3,83.9,80.82,48,15,3.06
429,Aramil,RU,2022-02-10 05:47:02,56.6977,60.8369,8.71,85,40,2.24
430,Vestmanna,FO,2022-02-10 05:47:02,62.1564,-7.1664,29.32,59,40,20.71
431,Esna,EG,2022-02-10 05:47:03,25.2934,32.554,51.82,49,0,18.1
432,Itarema,BR,2022-02-10 05:47:03,-2.9248,-39.9167,76.91,80,58,7.43
433,Aykhal,RU,2022-02-10 05:47:04,66.0,111.5,-1.59,78,96,3.11
434,Wattegama,LK,2022-02-10 05:47:04,6.7989,81.4808,85.12,51,98,5.88
435,Podor,MR,2022-02-10 05:47:05,16.6527,-14.9587,70.52,9,30,12.1
436,Ayagoz,KZ,2022-02-10 05:47:05,47.9714,80.4392,4.75,92,90,5.84
437,Okhotsk,RU,2022-02-10 05:47:06,59.3833,143.3,13.6,82,100,5.75
438,Luoyang,CN,2022-02-10 05:47:06,34.6836,112.4536,49.6,34,94,2.84
439,Lashio,MM,2022-02-10 05:47:07,22.9333,97.75,76.87,22,1,3.4
440,Pochutla,MX,2022-02-10 05:47:07,15.7432,-96.4661,72.82,79,20,3.76
441,Anshun,CN,2022-02-10 05:47:08,26.25,105.9333,41.13,94,100,4.63
442,Lakes Entrance,AU,2022-02-10 05:47:08,-37.8811,147.981,70.16,68,100,8.86
443,Huilong,CN,2022-02-10 05:47:09,31.8111,121.655,47.98,59,33,7.87
444,Korla,CN,2022-02-10 05:47:09,41.7597,86.1469,32.29,40,98,2.26
445,Northam,GB,2022-02-10 05:47:09,51.0333,-4.2167,44.29,80,100,13.31
446,Auki,SB,2022-02-10 05:47:10,-8.7676,160.7034,80.4,85,98,8.99
447,Khani,GE,2022-02-10 05:47:11,41.9563,42.9566,33.37,99,100,2.77
448,Margate,GB,2022-02-10 05:47:11,51.3813,1.3862,45.3,94,100,3.0
449,Doha,QA,2022-02-10 05:47:12,25.2867,51.5333,64.38,61,0,3.44
450,Tarata,BO,2022-02-10 05:47:12,-17.6167,-66.0167,60.22,82,99,4.38
451,Kaberamaido,UG,2022-02-10 05:47:13,1.7389,33.1594,76.23,59,88,5.35
452,San Patricio,US,2022-02-10 05:47:13,28.017,-97.5169,57.83,64,57,8.12
453,Bilibino,RU,2022-02-10 05:42:21,68.0546,166.4372,-38.02,100,74,1.21
454,Cayenne,GF,2022-02-10 05:47:14,4.9333,-52.3333,76.08,90,75,3.44
455,Sao Jose Da Coroa Grande,BR,2022-02-10 05:47:15,-8.8978,-35.1478,79.27,72,93,8.12
456,Kiknur,RU,2022-02-10 05:47:15,57.3034,47.2011,24.96,96,100,13.13
457,Redondela,ES,2022-02-10 05:47:15,42.2834,-8.6096,54.25,76,0,11.5
458,Kant,IN,2022-02-10 05:47:16,27.8,79.8,64.85,60,0,9.95
459,San Jeronimo,PE,2022-02-10 05:47:17,-11.9472,-75.2829,49.28,89,100,1.59
460,Elko,US,2022-02-10 05:47:17,41.0002,-115.5012,36.05,71,16,3.38
461,Newtownards,GB,2022-02-10 05:43:54,54.5924,-5.6909,35.55,86,39,16.11
462,Olinda,BR,2022-02-10 05:47:18,-8.0089,-34.8553,82.13,69,40,3.44
463,Lovozero,RU,2022-02-10 05:48:19,68.005,35.0117,17.55,92,100,9.26
464,Yunyang,CN,2022-02-10 05:48:19,33.4474,112.7142,49.98,42,29,3.91
465,Belaya Gora,RU,2022-02-10 05:48:20,68.5333,146.4167,-38.51,98,33,4.83
466,Ca Mau,VN,2022-02-10 05:48:20,9.1769,105.15,93.65,40,88,16.04
467,Saint Paul,US,2022-02-10 05:45:02,44.9444,-93.0933,23.56,71,100,18.41
468,Marinette,US,2022-02-10 05:48:21,45.1,-87.6307,28.85,64,100,10.36
469,Hailar,CN,2022-02-10 05:48:21,49.2,119.7,6.78,85,100,9.01
470,Mana,GF,2022-02-10 05:48:22,5.6592,-53.7767,75.6,86,56,6.89
471,Hashtrud,IR,2022-02-10 05:48:23,37.4779,47.0508,22.46,93,95,2.19
472,Tricase,IT,2022-02-10 05:48:24,39.9304,18.3553,43.83,80,0,10.29
473,Rio Grande,BR,2022-02-10 05:48:24,-32.035,-52.0986,64.51,69,0,12.91
474,Milazzo,IT,2022-02-10 05:48:24,38.2212,15.2383,55.58,74,0,5.99
475,Ginda,IN,2022-02-10 05:48:25,30.6945,78.4932,43.77,25,0,6.22
476,Manokwari,ID,2022-02-10 05:48:25,-0.8667,134.0833,80.96,73,100,2.44
477,Liverpool,GB,2022-02-10 05:44:01,53.4106,-2.9779,41.65,80,20,13.8
478,Isangel,VU,2022-02-10 05:48:26,-19.55,169.2667,80.71,94,100,25.32
479,Jakar,BT,2022-02-10 05:48:26,27.5492,90.7525,45.66,48,34,6.82
480,Sao Miguel Do Araguaia,BR,2022-02-10 05:48:27,-13.275,-50.1628,71.04,96,100,5.64
481,Hobyo,SO,2022-02-10 05:48:27,5.3505,48.5268,79.72,60,100,23.73
482,Mount Isa,AU,2022-02-10 05:48:28,-20.7333,139.5,94.77,36,24,12.66
483,Kenai,US,2022-02-10 05:48:28,60.5544,-151.2583,16.09,65,0,24.16
484,Micheweni,TZ,2022-02-10 05:48:29,-4.9667,39.8333,81.54,71,84,12.55
485,Amga,RU,2022-02-10 05:48:29,60.8953,131.9608,-7.42,89,100,3.87
486,Karasjok,NO,2022-02-10 05:48:30,69.4719,25.5112,21.31,96,100,5.66
487,Aitape,PG,2022-02-10 05:48:30,-3.1374,142.3475,85.05,69,66,4.34
488,Payson,US,2022-02-10 05:48:31,40.0444,-111.7321,40.28,70,0,3.44
489,Havoysund,NO,2022-02-10 05:48:31,70.9963,24.6622,25.03,82,85,7.58
490,Toora-Khem,RU,2022-02-10 05:48:32,52.4675,96.11,-2.24,89,100,1.74
491,Lazaro Cardenas,MX,2022-02-10 05:48:32,17.9583,-102.2,69.84,79,0,3.78
492,Maumere,ID,2022-02-10 05:48:32,-8.6199,122.2111,80.96,84,100,9.84
493,Martapura,ID,2022-02-10 05:48:33,-3.4167,114.85,84.29,70,40,6.91
494,Eydhafushi,MV,2022-02-10 05:48:33,5.1033,73.0708,81.16,72,37,6.91
495,Andenes,NO,2022-02-10 05:48:34,69.3143,16.1194,33.78,69,0,17.27
496,Gat,IL,2022-02-10 05:48:34,31.61,34.7642,48.4,100,93,19.3
497,Brigantine,US,2022-02-10 05:48:35,39.4101,-74.3646,44.06,80,20,10.36
498,Okha,RU,2022-02-10 05:48:35,53.5739,142.9478,21.67,96,100,8.52
499,Rio Rancho,US,2022-02-10 05:48:35,35.2334,-106.6645,42.94,42,0,5.75
500,Correntina,BR,2022-02-10 05:48:36,-13.3433,-44.6367,68.54,94,100,0.54
501,Asau,RO,2022-02-10 05:48:36,46.4333,26.4,36.95,85,30,7.07
502,Montague,US,2022-02-10 05:48:37,42.5356,-72.5351,36.28,89,69,3.4
503,Aloleng,PH,2022-02-10 05:48:37,16.1307,119.7824,85.17,60,37,5.48
504,Coahuayana,MX,2022-02-10 05:48:37,18.7333,-103.6833,65.25,73,0,4.5
505,Tres Arroyos,AR,2022-02-10 05:48:38,-38.3739,-60.2798,64.33,61,2,12.5
506,Sur,OM,2022-02-10 05:48:39,22.5667,59.5289,74.73,39,2,5.26
507,Klaksvik,FO,2022-02-10 05:48:39,62.2266,-6.589,31.12,64,100,24.72
508,Tautira,PF,2022-02-10 05:48:40,-17.7333,-149.15,82.42,74,28,14.29
509,La Ronge,CA,2022-02-10 05:49:40,55.1001,-105.2842,12.45,85,100,8.05
510,Rocha,UY,2022-02-10 05:49:40,-34.4833,-54.3333,59.45,91,2,6.15
511,Zvenigovo,RU,2022-02-10 05:49:41,55.9742,48.0181,23.95,95,100,12.88
512,Bathsheba,BB,2022-02-10 05:49:41,13.2167,-59.5167,77.61,73,75,20.71
513,Mamallapuram,IN,2022-02-10 05:49:42,12.6264,80.1722,86.05,58,34,11.18
514,Saint Anthony,US,2022-02-10 05:47:02,45.0205,-93.218,22.6,71,100,19.57
515,Puerto Escondido,MX,2022-02-10 05:49:43,15.85,-97.0667,74.35,78,8,4.32
516,Alofi,NU,2022-02-10 05:49:43,-19.0595,-169.9187,82.29,78,51,8.05
517,Mikhaylovka,RU,2022-02-10 05:49:44,50.06,43.2379,26.71,96,58,8.05
518,Saint-Jean-De-La-Ruelle,FR,2022-02-10 05:49:44,47.9113,1.8648,42.46,87,100,9.22
519,Porto Belo,BR,2022-02-10 05:49:44,-27.1578,-48.5531,71.58,82,52,2.13
520,Ahuimanu,US,2022-02-10 05:49:45,21.4447,-157.8378,74.91,78,75,6.91
521,Sawakin,SD,2022-02-10 05:49:45,19.1059,37.3321,76.66,74,63,9.91
522,Awbari,LY,2022-02-10 05:49:46,26.5921,12.7805,41.76,72,3,8.57
523,Pimenta Bueno,BR,2022-02-10 05:49:46,-11.6725,-61.1936,71.62,96,100,1.54
524,Sangar,RU,2022-02-10 05:49:47,63.9242,127.4739,-22.34,93,81,2.89
525,Karratha,AU,2022-02-10 05:49:47,-20.7377,116.8463,90.88,55,7,18.28
526,Barra Patuca,HN,2022-02-10 05:49:48,15.8,-84.2833,74.3,80,25,7.23
527,Bonthe,SL,2022-02-10 05:49:48,7.5264,-12.505,74.41,93,0,2.98
528,Carutapera,BR,2022-02-10 05:49:48,-1.195,-46.02,74.7,93,100,4.76
529,Mehamn,NO,2022-02-10 05:49:49,71.0357,27.8492,24.98,79,0,27.63
530,Kutum,SD,2022-02-10 05:49:49,14.2,24.6667,55.58,20,0,6.93
531,Adrar,MR,2022-02-10 05:49:50,20.5022,-10.0711,59.36,20,17,12.03
532,Palana,RU,2022-02-10 05:49:50,59.1167,159.9667,-2.96,99,39,4.43
533,College,US,2022-02-10 05:49:51,64.8569,-147.8028,-2.25,77,100,5.75
534,Batetskiy,RU,2022-02-10 05:49:51,58.6461,30.3027,34.02,85,99,11.79
535,Nerchinskiy Zavod,RU,2022-02-10 05:49:52,51.3088,119.61,2.98,83,85,3.83
536,Porterville,US,2022-02-10 05:49:52,36.0652,-119.0168,53.78,87,0,5.75
537,Calarasi,MD,2022-02-10 05:49:53,47.2544,28.3081,41.56,76,97,3.71
538,Tiznit,MA,2022-02-10 05:49:53,29.5833,-9.5,57.02,35,40,7.61
539,Shenjiamen,CN,2022-02-10 05:49:54,29.9576,122.298,43.79,75,99,12.64
540,Morant Bay,JM,2022-02-10 05:49:54,17.8815,-76.4093,78.42,85,20,4.88
541,Umm Lajj,SA,2022-02-10 05:49:55,25.0213,37.2685,67.3,58,0,13.85
542,Christchurch,NZ,2022-02-10 05:47:37,-43.5333,172.6333,76.48,77,98,5.75
543,Kishorganj,BD,2022-02-10 05:49:55,24.4333,90.7667,70.88,49,87,0.4
544,Rajbiraj,NP,2022-02-10 05:49:56,26.5333,86.75,73.15,46,15,4.74
545,Kemi,FI,2022-02-10 05:49:56,65.8596,24.8228,20.97,93,88,10.36
546,Ler,SS,2022-02-10 05:49:57,8.3018,30.1418,80.67,21,11,9.69
547,Riyadh,SA,2022-02-10 05:45:17,24.6877,46.7219,57.34,23,0,12.01
548,Nador,MA,2022-02-10 05:49:58,35.174,-2.9287,51.87,93,40,1.14
549,Ulaanbaatar,MN,2022-02-10 05:45:21,47.9077,106.8832,3.33,72,40,4.47
550,Nelson Bay,AU,2022-02-10 05:49:59,-32.7167,152.15,93.76,56,3,13.13
551,Mayo,US,2022-02-10 05:49:59,38.8876,-76.5119,48.07,67,0,10.36
552,Aksu,CN,2022-02-10 05:49:59,41.1231,80.2644,33.73,40,76,4.52
553,Foumban,CM,2022-02-10 05:51:00,5.7291,10.9001,61.97,32,25,3.27
554,Caraballeda,VE,2022-02-10 05:51:00,10.6112,-66.8522,75.27,78,20,0.0
555,Yeppoon,AU,2022-02-10 05:51:01,-23.1333,150.7333,91.18,59,6,14.34
556,Nyagan,RU,2022-02-10 05:51:01,62.1406,65.3936,10.63,92,93,11.18
557,Anahuac,MX,2022-02-10 05:51:01,27.2333,-100.15,58.86,49,89,14.85
558,Dzhebariki-Khaya,RU,2022-02-10 05:51:02,62.2167,135.8,-15.83,94,92,2.46
559,Tocopilla,CL,2022-02-10 05:51:02,-22.092,-70.1979,66.45,66,0,1.23
560,Pemangkat,ID,2022-02-10 05:51:03,1.1667,108.9667,79.25,81,100,3.09
561,Nordenham,DE,2022-02-10 05:51:03,53.5,8.4833,46.18,98,100,5.28
562,Norwich,GB,2022-02-10 05:51:03,52.6278,1.2983,42.15,86,100,8.05
563,North Battleford,CA,2022-02-10 05:51:04,52.7834,-108.2847,37.49,87,100,11.5
564,Santiago Del Estero,AR,2022-02-10 05:51:04,-27.7951,-64.2615,71.42,42,0,7.0
565,Ostrovnoy,RU,2022-02-10 05:51:05,68.0531,39.5131,24.96,86,98,25.08
566,Iquitos,PE,2022-02-10 05:51:05,-3.7481,-73.2472,73.44,100,75,2.3
567,Ilulissat,GL,2022-02-10 05:51:06,69.2167,-51.1,-16.08,95,99,13.58
568,Faya,SA,2022-02-10 05:51:06,18.3851,42.4509,59.52,43,9,5.99
569,West Wendover,US,2022-02-10 05:51:07,40.7391,-114.0733,40.6,65,43,3.65
570,Pokhara,NP,2022-02-10 05:51:07,28.2333,83.9833,62.51,52,77,4.29
